Country,Year,Barro Lee Education Dataset: Educational Attainment (average years of total education)
Afghanistan,1950,0.27
Albania,1950,2.6
Algeria,1950,0.85
Argentina,1950,4.85
Armenia,1950,7.22
Australia,1950,8.04
Austria,1950,5.97
Bahrain,1950,1
Bangladesh,1950,0.93
Barbados,1950,4.63
Belgium,1950,6.75
Belize,1950,7.23
Benin,1950,0.44
Bolivia,1950,2.32
Botswana,1950,1.38
Brazil,1950,2.08
Brunei,1950,2.02
Bulgaria,1950,3.82
Burundi,1950,0.42
Cambodia,1950,0.42
Cameroon,1950,0.7
Canada,1950,7.6
Central African Republic,1950,0.39
Chile,1950,4.81
China,1950,1.61
Colombia,1950,2.33
Congo,1950,0.79
Costa Rica,1950,3.55
Cote d'Ivoire,1950,0.84
Croatia,1950,5.66
Cuba,1950,3.49
Cyprus,1950,3.56
Czech Republic,1950,8.1
Democratic Republic of Congo,1950,0.58
Denmark,1950,5.51
Dominican Republic,1950,2.52
Ecuador,1950,2.55
Egypt,1950,0.52
El Salvador,1950,1.53
Estonia,1950,6.13
Fiji,1950,3.62
Finland,1950,3.86
France,1950,4.33
Gabon,1950,0.47
Gambia,1950,0.4
Germany,1950,6.8
Ghana,1950,0.68
Greece,1950,4.14
Guatemala,1950,1.31
Guyana,1950,4.24
Haiti,1950,0.59
Honduras,1950,1.64
Hong Kong,1950,4.36
Hungary,1950,7.13
Iceland,1950,5.7
India,1950,0.99
Indonesia,1950,1.09
Iran,1950,0.54
Iraq,1950,0.24
Ireland,1950,6.23
Israel,1950,7.3
Italy,1950,4.21
Jamaica,1950,3.59
Japan,1950,6.73
Jordan,1950,1.33
Kazakhstan,1950,2.59
Kenya,1950,1.16
Kuwait,1950,1.48
Kyrgyzstan,1950,4.04
Laos,1950,1.25
Latvia,1950,3.84
Lesotho,1950,2.47
Liberia,1950,0.57
Libya,1950,0.44
Lithuania,1950,3.71
Luxembourg,1950,3.39
Macao,1950,3.28
Malawi,1950,0.96
Malaysia,1950,2.08
Maldives,1950,2.99
Mali,1950,0.15
Malta,1950,3.23
Mauritania,1950,1.27
Mauritius,1950,2.51
Mexico,1950,2.19
Moldova,1950,3.28
Mongolia,1950,1.61
Morocco,1950,0.28
Mozambique,1950,0.49
Myanmar,1950,1.15
Namibia,1950,2.4
Nepal,1950,0.11
Netherlands,1950,6.08
New Zealand,1950,9.19
Nicaragua,1950,1.55
Niger,1950,0.32
Norway,1950,7.4
Pakistan,1950,0.99
Panama,1950,3.76
Papua New Guinea,1950,0.51
Paraguay,1950,2.69
Peru,1950,2.83
Philippines,1950,2.21
Poland,1950,5.4
Portugal,1950,1.9
Qatar,1950,1.63
Reunion,1950,2.85
Romania,1950,4.38
Russia,1950,3.83
Rwanda,1950,0.32
Saudi Arabia,1950,2.31
Senegal,1950,1.76
Serbia,1950,4.32
Sierra Leone,1950,0.41
Singapore,1950,2.71
Slovakia,1950,8.13
Slovenia,1950,5.86
South Africa,1950,4.03
South Korea,1950,4.5
Spain,1950,3.83
Sri Lanka,1950,3.4
Sudan,1950,0.32
Swaziland,1950,1.23
Sweden,1950,6.75
Switzerland,1950,8.84
Syria,1950,0.85
Taiwan,1950,3.03
Tajikistan,1950,4.13
Tanzania,1950,1.21
Thailand,1950,2.04
Togo,1950,0.34
Tonga,1950,5.94
Trinidad and Tobago,1950,5
Tunisia,1950,0.65
Turkey,1950,1.11
Uganda,1950,0.89
Ukraine,1950,4.37
United Arab Emirates,1950,0.79
United Kingdom,1950,6.39
United States,1950,8.4
Uruguay,1950,4.34
Venezuela,1950,1.63
Vietnam,1950,2.47
Yemen,1950,0.02
Zambia,1950,1.77
Zimbabwe,1950,1.58
Afghanistan,1955,0.31
Albania,1955,2.78
Algeria,1955,0.84
Argentina,1955,5.2
Armenia,1955,7.33
Australia,1955,8.27
Austria,1955,5.78
Bahrain,1955,1.07
Bangladesh,1955,0.94
Barbados,1955,4.79
Belgium,1955,7.04
Belize,1955,7.4
Benin,1955,0.53
Bolivia,1955,2.67
Botswana,1955,1.42
Brazil,1955,2.29
Brunei,1955,2.27
Bulgaria,1955,4.6
Burundi,1955,0.52
Cambodia,1955,0.64
Cameroon,1955,0.88
Canada,1955,7.93
Central African Republic,1955,0.44
Chile,1955,4.98
China,1955,1.96
Colombia,1955,2.68
Congo,1955,0.97
Costa Rica,1955,3.76
Cote d'Ivoire,1955,0.88
Croatia,1955,6
Cuba,1955,3.57
Cyprus,1955,4.25
Czech Republic,1955,8.24
Democratic Republic of Congo,1955,0.65
Denmark,1955,4.6
Dominican Republic,1955,2.57
Ecuador,1955,2.87
Egypt,1955,0.67
El Salvador,1955,1.68
Estonia,1955,6.33
Fiji,1955,4.02
Finland,1955,4.01
France,1955,4.45
Gabon,1955,0.82
Gambia,1955,0.43
Germany,1955,7.43
Ghana,1955,0.8
Greece,1955,5.49
Guatemala,1955,1.36
Guyana,1955,4.56
Haiti,1955,0.67
Honduras,1955,1.75
Hong Kong,1955,4.64
Hungary,1955,7.27
Iceland,1955,5.88
India,1955,1.06
Indonesia,1955,1.25
Iran,1955,0.66
Iraq,1955,0.33
Ireland,1955,6.48
Israel,1955,7.39
Italy,1955,4.54
Jamaica,1955,3.67
Japan,1955,7.19
Jordan,1955,1.76
Kazakhstan,1955,2.91
Kenya,1955,1.31
Kuwait,1955,1.84
Kyrgyzstan,1955,4.42
Laos,1955,1.39
Latvia,1955,4.06
Lesotho,1955,2.73
Liberia,1955,0.62
Libya,1955,0.55
Lithuania,1955,4.17
Luxembourg,1955,4.05
Macao,1955,3.35
Malawi,1955,1.03
Malaysia,1955,2.37
Maldives,1955,3.19
Mali,1955,0.17
Malta,1955,3.72
Mauritania,1955,1.35
Mauritius,1955,2.91
Mexico,1955,2.34
Moldova,1955,3.68
Mongolia,1955,1.95
Morocco,1955,0.38
Mozambique,1955,0.65
Myanmar,1955,1.21
Namibia,1955,2.75
Nepal,1955,0.11
Netherlands,1955,6.14
New Zealand,1955,9.48
Nicaragua,1955,1.83
Niger,1955,0.34
Norway,1955,7.41
Pakistan,1955,1.01
Panama,1955,4.14
Papua New Guinea,1955,0.59
Paraguay,1955,3
Peru,1955,3
Philippines,1955,3.2
Poland,1955,5.67
Portugal,1955,2.06
Qatar,1955,2.1
Reunion,1955,2.75
Romania,1955,4.69
Russia,1955,4.41
Rwanda,1955,0.45
Saudi Arabia,1955,2.51
Senegal,1955,1.84
Serbia,1955,4.8
Sierra Leone,1955,0.46
Singapore,1955,3.1
Slovakia,1955,8.28
Slovenia,1955,6.27
South Africa,1955,4.32
South Korea,1955,5.02
Spain,1955,3.83
Sri Lanka,1955,3.7
Sudan,1955,0.4
Swaziland,1955,1.48
Sweden,1955,7.02
Switzerland,1955,8.96
Syria,1955,0.98
Taiwan,1955,3.33
Tajikistan,1955,4.58
Tanzania,1955,1.27
Thailand,1955,2.31
Togo,1955,0.4
Tonga,1955,6.11
Trinidad and Tobago,1955,5.32
Tunisia,1955,0.78
Turkey,1955,1.38
Uganda,1955,1.02
Ukraine,1955,4.94
United Arab Emirates,1955,1.14
United Kingdom,1955,6.61
United States,1955,8.75
Uruguay,1955,4.6
Venezuela,1955,1.98
Vietnam,1955,2.48
Yemen,1955,0.03
Zambia,1955,1.96
Zimbabwe,1955,1.88
Afghanistan,1960,0.37
Albania,1960,2.98
Algeria,1960,0.88
Argentina,1960,5.67
Armenia,1960,7.91
Australia,1960,8.53
Austria,1960,5.86
Bahrain,1960,1.29
Bangladesh,1960,1.02
Barbados,1960,4.97
Belgium,1960,7.22
Belize,1960,7.49
Benin,1960,0.61
Bolivia,1960,3.06
Botswana,1960,1.46
Brazil,1960,2.55
Brunei,1960,2.7
Bulgaria,1960,4.99
Burundi,1960,0.67
Cambodia,1960,1.18
Cameroon,1960,1.08
Canada,1960,8.34
Central African Republic,1960,0.5
Chile,1960,5.22
China,1960,2.51
Colombia,1960,3.05
Congo,1960,1.14
Costa Rica,1960,3.89
Cote d'Ivoire,1960,0.96
Croatia,1960,6.41
Cuba,1960,3.99
Cyprus,1960,5.14
Czech Republic,1960,8.35
Democratic Republic of Congo,1960,0.81
Denmark,1960,5.06
Dominican Republic,1960,2.76
Ecuador,1960,3.22
Egypt,1960,0.81
El Salvador,1960,1.97
Estonia,1960,6.72
Fiji,1960,4.47
Finland,1960,4.18
France,1960,4.2
Gabon,1960,1.01
Gambia,1960,0.47
Germany,1960,7.49
Ghana,1960,1.05
Greece,1960,7.39
Guatemala,1960,1.4
Guyana,1960,4.86
Haiti,1960,0.8
Honduras,1960,1.92
Hong Kong,1960,4.89
Hungary,1960,7.43
Iceland,1960,6.14
India,1960,1.13
Indonesia,1960,1.57
Iran,1960,0.92
Iraq,1960,0.5
Ireland,1960,6.72
Israel,1960,7.66
Italy,1960,4.86
Jamaica,1960,3.87
Japan,1960,7.76
Jordan,1960,2.41
Kazakhstan,1960,3.7
Kenya,1960,1.51
Kuwait,1960,2.39
Kyrgyzstan,1960,4.65
Laos,1960,1.57
Latvia,1960,4.53
Lesotho,1960,2.96
Liberia,1960,0.73
Libya,1960,0.68
Lithuania,1960,4.79
Luxembourg,1960,4.51
Macao,1960,3.48
Malawi,1960,1.09
Malaysia,1960,2.83
Maldives,1960,3.43
Mali,1960,0.2
Malta,1960,4.26
Mauritania,1960,1.43
Mauritius,1960,3.56
Mexico,1960,2.52
Moldova,1960,4.27
Mongolia,1960,2.52
Morocco,1960,0.49
Mozambique,1960,0.82
Myanmar,1960,1.23
Namibia,1960,3.07
Nepal,1960,0.13
Netherlands,1960,6.19
New Zealand,1960,9.9
Nicaragua,1960,2.17
Niger,1960,0.38
Norway,1960,7.48
Pakistan,1960,1.15
Panama,1960,4.59
Papua New Guinea,1960,0.75
Paraguay,1960,3.43
Peru,1960,3.21
Philippines,1960,3.46
Poland,1960,6.04
Portugal,1960,2.28
Qatar,1960,2.54
Reunion,1960,2.72
Romania,1960,5.18
Russia,1960,4.67
Rwanda,1960,0.79
Saudi Arabia,1960,2.71
Senegal,1960,2.08
Serbia,1960,4.98
Sierra Leone,1960,0.5
Singapore,1960,3.7
Slovakia,1960,8.4
Slovenia,1960,6.43
South Africa,1960,4.39
South Korea,1960,4.2
Spain,1960,4.18
Sri Lanka,1960,3.98
Sudan,1960,0.48
Swaziland,1960,1.72
Sweden,1960,7.56
Switzerland,1960,9.04
Syria,1960,1.21
Taiwan,1960,3.71
Tajikistan,1960,5.25
Tanzania,1960,1.65
Thailand,1960,2.55
Togo,1960,0.49
Tonga,1960,6.35
Trinidad and Tobago,1960,5.65
Tunisia,1960,0.92
Turkey,1960,1.76
Uganda,1960,1.16
Ukraine,1960,5.39
United Arab Emirates,1960,1.51
United Kingdom,1960,6.86
United States,1960,9.17
Uruguay,1960,4.87
Venezuela,1960,2.38
Vietnam,1960,2.88
Yemen,1960,0.04
Zambia,1960,2.26
Zimbabwe,1960,2.24
Afghanistan,1965,0.42
Albania,1965,3.41
Algeria,1965,1.1
Argentina,1965,5.94
Armenia,1965,8.13
Australia,1965,8.93
Austria,1965,6.69
Bahrain,1965,1.75
Bangladesh,1965,1.25
Barbados,1965,6.61
Belgium,1965,7.33
Belize,1965,7.81
Benin,1965,0.76
Bolivia,1965,3.57
Botswana,1965,1.71
Brazil,1965,2.85
Brunei,1965,3.39
Bulgaria,1965,4.45
Burundi,1965,0.81
Cambodia,1965,1.46
Cameroon,1965,1.43
Canada,1965,8.65
Central African Republic,1965,0.6
Chile,1965,5.66
China,1965,3.11
Colombia,1965,3.42
Congo,1965,1.57
Costa Rica,1965,4.12
Cote d'Ivoire,1965,1.06
Croatia,1965,6.63
Cuba,1965,4.49
Cyprus,1965,5.54
Czech Republic,1965,8.97
Democratic Republic of Congo,1965,0.99
Denmark,1965,5.72
Dominican Republic,1965,3.09
Ecuador,1965,3.9
Egypt,1965,1.04
El Salvador,1965,2.36
Estonia,1965,7.03
Fiji,1965,5.18
Finland,1965,4.84
France,1965,4.65
Gabon,1965,1.42
Gambia,1965,0.52
Germany,1965,7.43
Ghana,1965,1.95
Greece,1965,6.41
Guatemala,1965,1.48
Guyana,1965,5.28
Haiti,1965,0.95
Honduras,1965,2.1
Hong Kong,1965,5.71
Hungary,1965,7.6
Iceland,1965,6.56
India,1965,1.3
Indonesia,1965,2.17
Iran,1965,1.42
Iraq,1965,0.85
Ireland,1965,7.09
Israel,1965,8.11
Italy,1965,5.23
Jamaica,1965,4.4
Japan,1965,7.48
Jordan,1965,3
Kazakhstan,1965,4.21
Kenya,1965,1.69
Kuwait,1965,2.85
Kyrgyzstan,1965,5.12
Laos,1965,1.76
Latvia,1965,4.9
Lesotho,1965,3.24
Liberia,1965,0.93
Libya,1965,1
Lithuania,1965,5.25
Luxembourg,1965,5.33
Macao,1965,3.71
Malawi,1965,1.21
Malaysia,1965,3.39
Maldives,1965,3.66
Mali,1965,0.24
Malta,1965,4.86
Mauritania,1965,1.52
Mauritius,1965,4.23
Mexico,1965,2.96
Moldova,1965,4.8
Mongolia,1965,3.21
Morocco,1965,0.71
Mozambique,1965,1
Myanmar,1965,1.38
Namibia,1965,3.43
Nepal,1965,0.27
Netherlands,1965,7.31
New Zealand,1965,9.97
Nicaragua,1965,2.58
Niger,1965,0.4
Norway,1965,7.86
Pakistan,1965,1.39
Panama,1965,4.84
Papua New Guinea,1965,0.97
Paraguay,1965,3.69
Peru,1965,3.7
Philippines,1965,3.93
Poland,1965,6.72
Portugal,1965,2.46
Qatar,1965,3.21
Reunion,1965,2.85
Romania,1965,5.59
Russia,1965,5.34
Rwanda,1965,0.94
Saudi Arabia,1965,3.05
Senegal,1965,2.11
Serbia,1965,5.28
Sierra Leone,1965,0.67
Singapore,1965,4.36
Slovakia,1965,9
Slovenia,1965,7.18
South Africa,1965,4.45
South Korea,1965,5.32
Spain,1965,4.48
Sri Lanka,1965,4.33
Sudan,1965,0.59
Swaziland,1965,2.06
Sweden,1965,7.96
Switzerland,1965,9.36
Syria,1965,1.53
Taiwan,1965,4.11
Tajikistan,1965,5.78
Tanzania,1965,1.83
Thailand,1965,2.28
Togo,1965,0.61
Tonga,1965,6.69
Trinidad and Tobago,1965,5.98
Tunisia,1965,1.3
Turkey,1965,2.08
Uganda,1965,1.24
Ukraine,1965,5.87
United Arab Emirates,1965,2.1
United Kingdom,1965,7.46
United States,1965,10.03
Uruguay,1965,5.2
Venezuela,1965,2.66
Vietnam,1965,3.36
Yemen,1965,0.05
Zambia,1965,2.57
Zimbabwe,1965,2.51
Afghanistan,1970,0.69
Albania,1970,4.28
Algeria,1970,1.55
Argentina,1970,6.31
Armenia,1970,8.46
Australia,1970,9.7
Austria,1970,7.4
Bahrain,1970,3.08
Bangladesh,1970,1.38
Barbados,1970,8.31
Belgium,1970,7.66
Belize,1970,7.74
Benin,1970,0.84
Bolivia,1970,4
Botswana,1970,2.14
Brazil,1970,3.29
Brunei,1970,4.66
Bulgaria,1970,6.13
Burundi,1970,1.06
Cambodia,1970,1.82
Cameroon,1970,1.81
Canada,1970,9.14
Central African Republic,1970,0.82
Chile,1970,6.09
China,1970,3.82
Colombia,1970,3.91
Congo,1970,2.09
Costa Rica,1970,3.94
Cote d'Ivoire,1970,1.29
Croatia,1970,7.06
Cuba,1970,5.3
Cyprus,1970,5.88
Czech Republic,1970,9.56
Democratic Republic of Congo,1970,1.23
Denmark,1970,6.78
Dominican Republic,1970,3.63
Ecuador,1970,4.42
Egypt,1970,1.31
El Salvador,1970,2.83
Estonia,1970,7.38
Fiji,1970,5.57
Finland,1970,5.73
France,1970,4.75
Gabon,1970,1.82
Gambia,1970,0.57
Germany,1970,7.05
Ghana,1970,3.06
Greece,1970,6.52
Guatemala,1970,1.72
Guyana,1970,5.66
Haiti,1970,1.18
Honduras,1970,2.33
Hong Kong,1970,6.3
Hungary,1970,8.08
Iceland,1970,7.01
India,1970,1.61
Indonesia,1970,2.84
Iran,1970,2.03
Iraq,1970,1.43
Ireland,1970,7.67
Israel,1970,8.66
Italy,1970,5.63
Jamaica,1970,4.86
Japan,1970,7.83
Jordan,1970,3.47
Kazakhstan,1970,4.92
Kenya,1970,2.17
Kuwait,1970,3.27
Kyrgyzstan,1970,5.67
Laos,1970,2.06
Latvia,1970,5.38
Lesotho,1970,3.55
Liberia,1970,1.15
Libya,1970,1.53
Lithuania,1970,5.87
Luxembourg,1970,6.21
Macao,1970,4.06
Malawi,1970,1.57
Malaysia,1970,4.2
Maldives,1970,4.02
Mali,1970,0.29
Malta,1970,5.82
Mauritania,1970,1.66
Mauritius,1970,4.93
Mexico,1970,3.39
Moldova,1970,5.63
Mongolia,1970,3.56
Morocco,1970,0.98
Mozambique,1970,1.01
Myanmar,1970,1.45
Namibia,1970,3.95
Nepal,1970,0.5
Netherlands,1970,8.2
New Zealand,1970,10.93
Nicaragua,1970,3.03
Niger,1970,0.44
Norway,1970,8.32
Pakistan,1970,1.58
Panama,1970,5.21
Papua New Guinea,1970,1.33
Paraguay,1970,4.14
Peru,1970,4.36
Philippines,1970,4.71
Poland,1970,7.35
Portugal,1970,2.93
Qatar,1970,3.78
Reunion,1970,3.52
Romania,1970,6.7
Russia,1970,5.94
Rwanda,1970,1.16
Saudi Arabia,1970,3.22
Senegal,1970,2.29
Serbia,1970,5.81
Sierra Leone,1970,0.84
Singapore,1970,5.2
Slovakia,1970,9.5
Slovenia,1970,7.83
South Africa,1970,4.61
South Korea,1970,6.19
Spain,1970,5.59
Sri Lanka,1970,6.38
Sudan,1970,0.73
Swaziland,1970,2.89
Sweden,1970,8.45
Switzerland,1970,9.72
Syria,1970,2.04
Taiwan,1970,4.92
Tajikistan,1970,6.67
Tanzania,1970,2.27
Thailand,1970,2.51
Togo,1970,0.85
Tonga,1970,7.09
Trinidad and Tobago,1970,6.4
Tunisia,1970,1.79
Turkey,1970,2.45
Uganda,1970,1.52
Ukraine,1970,6.26
United Arab Emirates,1970,2.54
United Kingdom,1970,7.91
United States,1970,10.78
Uruguay,1970,5.7
Venezuela,1970,3.28
Vietnam,1970,3.97
Yemen,1970,0.06
Zambia,1970,2.98
Zimbabwe,1970,3.01
Afghanistan,1975,0.92
Albania,1975,5.35
Algeria,1975,2.11
Argentina,1975,6.85
Armenia,1975,8.85
Australia,1975,10.52
Austria,1975,7.7
Bahrain,1975,4.02
Bangladesh,1975,1.57
Barbados,1975,7.65
Belgium,1975,8.03
Belize,1975,7.95
Benin,1975,0.94
Bolivia,1975,4.6
Botswana,1975,2.74
Brazil,1975,2.9
Brunei,1975,5.68
Bulgaria,1975,7.07
Burundi,1975,1.28
Cambodia,1975,2.2
Cameroon,1975,2.42
Canada,1975,9.7
Central African Republic,1975,1.15
Chile,1975,6.57
China,1975,4.48
Colombia,1975,4.36
Congo,1975,3.28
Costa Rica,1975,5.15
Cote d'Ivoire,1975,1.71
Croatia,1975,7.63
Cuba,1975,6.23
Cyprus,1975,6.68
Czech Republic,1975,9.94
Democratic Republic of Congo,1975,1.55
Denmark,1975,7.46
Dominican Republic,1975,4.26
Ecuador,1975,4.92
Egypt,1975,1.69
El Salvador,1975,3.24
Estonia,1975,7.97
Fiji,1975,6.25
Finland,1975,6.74
France,1975,5.76
Gabon,1975,2.6
Gambia,1975,0.73
Germany,1975,6.98
Ghana,1975,3.86
Greece,1975,6.79
Guatemala,1975,2.01
Guyana,1975,6.04
Haiti,1975,1.5
Honduras,1975,2.64
Hong Kong,1975,6.91
Hungary,1975,8.57
Iceland,1975,7.43
India,1975,2.01
Indonesia,1975,3.19
Iran,1975,2.67
Iraq,1975,1.97
Ireland,1975,8.42
Israel,1975,9.56
Italy,1975,6.16
Jamaica,1975,5.42
Japan,1975,8.38
Jordan,1975,4.01
Kazakhstan,1975,5.85
Kenya,1975,2.66
Kuwait,1975,3.51
Kyrgyzstan,1975,6.47
Laos,1975,2.42
Latvia,1975,5.96
Lesotho,1975,3.91
Liberia,1975,1.66
Libya,1975,2.19
Lithuania,1975,6.55
Luxembourg,1975,7.92
Macao,1975,4.54
Malawi,1975,1.86
Malaysia,1975,4.82
Maldives,1975,4.3
Mali,1975,0.45
Malta,1975,6.57
Mauritania,1975,1.83
Mauritius,1975,5.09
Mexico,1975,4.09
Moldova,1975,6.52
Mongolia,1975,5.65
Morocco,1975,1.35
Mozambique,1975,0.95
Myanmar,1975,1.6
Namibia,1975,4.47
Nepal,1975,0.72
Netherlands,1975,8.93
New Zealand,1975,11.71
Nicaragua,1975,3.32
Niger,1975,0.52
Norway,1975,8.54
Pakistan,1975,1.88
Panama,1975,5.89
Papua New Guinea,1975,1.7
Paraguay,1975,4.68
Peru,1975,5.32
Philippines,1975,5.49
Poland,1975,7.91
Portugal,1975,3.8
Qatar,1975,4.27
Reunion,1975,4.34
Romania,1975,7.66
Russia,1975,6.69
Rwanda,1975,1.44
Saudi Arabia,1975,3.73
Senegal,1975,2.45
Serbia,1975,6.51
Sierra Leone,1975,1.1
Singapore,1975,5.07
Slovakia,1975,9.87
Slovenia,1975,8.59
South Africa,1975,4.83
South Korea,1975,7.12
Spain,1975,5.91
Sri Lanka,1975,6.72
Sudan,1975,0.96
Swaziland,1975,3.81
Sweden,1975,9.24
Switzerland,1975,10.34
Syria,1975,2.7
Taiwan,1975,5.81
Tajikistan,1975,7.68
Tanzania,1975,2.56
Thailand,1975,3.01
Togo,1975,1.82
Tonga,1975,7.67
Trinidad and Tobago,1975,6.93
Tunisia,1975,2.45
Turkey,1975,2.92
Uganda,1975,1.93
Ukraine,1975,7.02
United Arab Emirates,1975,2.99
United Kingdom,1975,8.25
United States,1975,11.46
Uruguay,1975,6.16
Venezuela,1975,4.31
Vietnam,1975,4.56
Yemen,1975,0.09
Zambia,1975,3.65
Zimbabwe,1975,3.45
Afghanistan,1980,1.22
Albania,1980,6.39
Algeria,1980,2.81
Argentina,1980,7.3
Armenia,1980,9.44
Australia,1980,11.2
Austria,1980,7.89
Bahrain,1980,4.93
Bangladesh,1980,2.25
Barbados,1980,7.31
Belgium,1980,8.5
Belize,1980,7.69
Benin,1980,1.22
Bolivia,1980,5.48
Botswana,1980,3.12
Brazil,1980,3.04
Brunei,1980,6.64
Bulgaria,1980,7.84
Burundi,1980,1.45
Cambodia,1980,2.54
Cameroon,1980,3.04
Canada,1980,10.15
Central African Republic,1980,1.66
Chile,1980,6.95
China,1980,5.31
Colombia,1980,4.89
Congo,1980,4.17
Costa Rica,1980,6.11
Cote d'Ivoire,1980,2.06
Croatia,1980,8.04
Cuba,1980,8.06
Cyprus,1980,7.5
Czech Republic,1980,10.21
Democratic Republic of Congo,1980,2.06
Denmark,1980,8.14
Dominican Republic,1980,4.98
Ecuador,1980,6.15
Egypt,1980,2.65
El Salvador,1980,3.59
Estonia,1980,8.46
Fiji,1980,7.04
Finland,1980,7.56
France,1980,5.96
Gabon,1980,3.31
Gambia,1980,0.97
Germany,1980,7.03
Ghana,1980,4.53
Greece,1980,7.1
Guatemala,1980,2.86
Guyana,1980,6.49
Haiti,1980,1.99
Honduras,1980,3.62
Hong Kong,1980,7.97
Hungary,1980,9
Iceland,1980,7.88
India,1980,2.34
Indonesia,1980,3.63
Iran,1980,3.58
Iraq,1980,2.74
Ireland,1980,9.26
Israel,1980,10.27
Italy,1980,6.71
Jamaica,1980,6.08
Japan,1980,9.1
Jordan,1980,4.55
Kazakhstan,1980,6.85
Kenya,1980,3.41
Kuwait,1980,4.61
Kyrgyzstan,1980,7.45
Laos,1980,2.84
Latvia,1980,6.7
Lesotho,1980,4.3
Liberia,1980,2.2
Libya,1980,3.26
Lithuania,1980,7.35
Luxembourg,1980,8.22
Macao,1980,4.85
Malawi,1980,2.34
Malaysia,1980,5.76
Maldives,1980,4.54
Mali,1980,0.62
Malta,1980,7.21
Mauritania,1980,2.13
Mauritius,1980,5.36
Mexico,1980,4.9
Moldova,1980,7.27
Mongolia,1980,6.35
Morocco,1980,1.76
Mozambique,1980,1.12
Myanmar,1980,2.23
Namibia,1980,5.02
Nepal,1980,0.99
Netherlands,1980,9.46
New Zealand,1980,11.59
Nicaragua,1980,3.75
Niger,1980,0.65
Norway,1980,8.96
Pakistan,1980,2.15
Panama,1980,6.66
Papua New Guinea,1980,2.11
Paraguay,1980,5.2
Peru,1980,6.1
Philippines,1980,6.21
Poland,1980,8.07
Portugal,1980,4.65
Qatar,1980,4.75
Reunion,1980,5.09
Romania,1980,8.21
Russia,1980,7.59
Rwanda,1980,1.69
Saudi Arabia,1980,4.26
Senegal,1980,2.49
Serbia,1980,7.06
Sierra Leone,1980,1.4
Singapore,1980,5.26
Slovakia,1980,10.14
Slovenia,1980,9.07
South Africa,1980,5.11
South Korea,1980,8.13
Spain,1980,6.81
Sri Lanka,1980,6.96
Sudan,1980,1.27
Swaziland,1980,4.44
Sweden,1980,9.86
Switzerland,1980,11.06
Syria,1980,3.36
Taiwan,1980,6.74
Tajikistan,1980,8.7
Tanzania,1980,3.24
Thailand,1980,3.64
Togo,1980,2.8
Tonga,1980,8.01
Trinidad and Tobago,1980,7.48
Tunisia,1980,3.25
Turkey,1980,3.55
Uganda,1980,2.29
Ukraine,1980,7.81
United Arab Emirates,1980,3.89
United Kingdom,1980,8.41
United States,1980,12.03
Uruguay,1980,6.7
Venezuela,1980,5.27
Vietnam,1980,5.16
Yemen,1980,0.23
Zambia,1980,4.17
Zimbabwe,1980,3.89
Afghanistan,1985,1.57
Albania,1985,7.78
Algeria,1985,3.99
Argentina,1985,7.85
Armenia,1985,9.99
Australia,1985,11.2
Austria,1985,8.11
Bahrain,1985,5.65
Bangladesh,1985,2.82
Barbados,1985,7.98
Belgium,1985,8.97
Belize,1985,7.91
Benin,1985,1.71
Bolivia,1985,6.38
Botswana,1985,5.29
Brazil,1985,3.94
Brunei,1985,7.14
Bulgaria,1985,8.55
Burundi,1985,1.54
Cambodia,1985,2.8
Cameroon,1985,3.7
Canada,1985,9.94
Central African Republic,1985,2.06
Chile,1985,7.65
China,1985,5.72
Colombia,1985,5.49
Congo,1985,4.97
Costa Rica,1985,6.7
Cote d'Ivoire,1985,2.37
Croatia,1985,8.44
Cuba,1985,8.09
Cyprus,1985,8.44
Czech Republic,1985,10.43
Democratic Republic of Congo,1985,2.75
Denmark,1985,8.77
Dominican Republic,1985,5.52
Ecuador,1985,6.56
Egypt,1985,3.76
El Salvador,1985,4.25
Estonia,1985,8.86
Fiji,1985,7.62
Finland,1985,7.44
France,1985,6.91
Gabon,1985,4.3
Gambia,1985,1.27
Germany,1985,7.18
Ghana,1985,5.2
Greece,1985,7.89
Guatemala,1985,3.16
Guyana,1985,6.87
Haiti,1985,2.94
Honduras,1985,4.49
Hong Kong,1985,8.7
Hungary,1985,8.99
Iceland,1985,8.33
India,1985,2.89
Indonesia,1985,3.86
Iran,1985,4.41
Iraq,1985,3.73
Ireland,1985,9.97
Israel,1985,10.49
Italy,1985,7.18
Jamaica,1985,6.63
Japan,1985,9.63
Jordan,1985,5.68
Kazakhstan,1985,7.57
Kenya,1985,4.13
Kuwait,1985,5.54
Kyrgyzstan,1985,8.11
Laos,1985,3.23
Latvia,1985,7.42
Lesotho,1985,4.64
Liberia,1985,2.69
Libya,1985,4.31
Lithuania,1985,8.18
Luxembourg,1985,8.5
Macao,1985,5.35
Malawi,1985,2.65
Malaysia,1985,6.72
Maldives,1985,4.82
Mali,1985,0.78
Malta,1985,8.04
Mauritania,1985,2.43
Mauritius,1985,5.86
Mexico,1985,5.77
Moldova,1985,7.92
Mongolia,1985,7.02
Morocco,1985,2.29
Mozambique,1985,1.17
Myanmar,1985,2.73
Namibia,1985,5.62
Nepal,1985,1.76
Netherlands,1985,9.92
New Zealand,1985,11.71
Nicaragua,1985,4.1
Niger,1985,0.83
Norway,1985,9.69
Pakistan,1985,2.51
Panama,1985,7.34
Papua New Guinea,1985,2.61
Paraguay,1985,5.8
Peru,1985,6.62
Philippines,1985,6.58
Poland,1985,8.5
Portugal,1985,5.42
Qatar,1985,5.18
Reunion,1985,5.69
Romania,1985,8.78
Russia,1985,8.57
Rwanda,1985,1.88
Saudi Arabia,1985,5.17
Senegal,1985,2.43
Serbia,1985,7.65
Sierra Leone,1985,1.75
Singapore,1985,5.97
Slovakia,1985,10.31
Slovenia,1985,10.07
South Africa,1985,5.11
South Korea,1985,9
Spain,1985,6.89
Sri Lanka,1985,7.62
Sudan,1985,1.71
Swaziland,1985,5.08
Sweden,1985,10.2
Switzerland,1985,10.31
Syria,1985,4.07
Taiwan,1985,7.4
Tajikistan,1985,9.44
Tanzania,1985,3.67
Thailand,1985,4.15
Togo,1985,3.42
Tonga,1985,7.98
Trinidad and Tobago,1985,7.98
Tunisia,1985,3.7
Turkey,1985,4.58
Uganda,1985,2.86
Ukraine,1985,8.82
United Arab Emirates,1985,4.9
United Kingdom,1985,8.68
United States,1985,12.08
Uruguay,1985,7.24
Venezuela,1985,5.12
Vietnam,1985,4.64
Yemen,1985,0.61
Zambia,1985,4.61
Zimbabwe,1985,4.67
Afghanistan,1990,1.87
Albania,1990,8.5
Algeria,1990,4.74
Argentina,1990,8.37
Armenia,1990,10.4
Australia,1990,11.18
Austria,1990,8.36
Bahrain,1990,6.54
Bangladesh,1990,3.13
Barbados,1990,8.45
Belgium,1990,9.43
Belize,1990,8.76
Benin,1990,2.16
Bolivia,1990,7.26
Botswana,1990,6.86
Brazil,1990,4.69
Brunei,1990,7.69
Bulgaria,1990,8.42
Burundi,1990,1.74
Cambodia,1990,3.09
Cameroon,1990,4.37
Canada,1990,10.33
Central African Republic,1990,2.67
Chile,1990,8.36
China,1990,6.04
Colombia,1990,5.99
Congo,1990,5.37
Costa Rica,1990,7.11
Cote d'Ivoire,1990,2.69
Croatia,1990,8.57
Cuba,1990,8.54
Cyprus,1990,9.14
Czech Republic,1990,10.83
Democratic Republic of Congo,1990,3.18
Denmark,1990,9.35
Dominican Republic,1990,6.02
Ecuador,1990,7
Egypt,1990,4.41
El Salvador,1990,4.67
Estonia,1990,9.19
Fiji,1990,9.07
Finland,1990,7.55
France,1990,7.65
Gabon,1990,5.25
Gambia,1990,1.75
Germany,1990,8.6
Ghana,1990,5.65
Greece,1990,8.58
Guatemala,1990,3.53
Guyana,1990,7.09
Haiti,1990,3.43
Honduras,1990,4.89
Hong Kong,1990,9.39
Hungary,1990,8.79
Iceland,1990,8.78
India,1990,3.45
Indonesia,1990,4.18
Iran,1990,5.22
Iraq,1990,4.58
Ireland,1990,10.12
Israel,1990,10.83
Italy,1990,7.7
Jamaica,1990,7.15
Japan,1990,9.82
Jordan,1990,6.61
Kazakhstan,1990,8.13
Kenya,1990,4.78
Kuwait,1990,5.92
Kyrgyzstan,1990,8.6
Laos,1990,3.59
Latvia,1990,7.99
Lesotho,1990,5.12
Liberia,1990,3.02
Libya,1990,5.17
Lithuania,1990,8.81
Luxembourg,1990,8.91
Macao,1990,5.67
Malawi,1990,2.9
Malaysia,1990,6.97
Maldives,1990,4.43
Mali,1990,0.89
Malta,1990,8.73
Mauritania,1990,2.76
Mauritius,1990,6.49
Mexico,1990,6.47
Moldova,1990,8.47
Mongolia,1990,7.76
Morocco,1990,2.86
Mozambique,1990,1
Myanmar,1990,2.83
Namibia,1990,6.15
Nepal,1990,2.49
Netherlands,1990,10.28
New Zealand,1990,11.62
Nicaragua,1990,4.49
Niger,1990,1.04
Norway,1990,10.28
Pakistan,1990,2.92
Panama,1990,7.65
Papua New Guinea,1990,3.05
Paraguay,1990,6.11
Peru,1990,7.23
Philippines,1990,7.1
Poland,1990,9.06
Portugal,1990,6
Qatar,1990,5.58
Reunion,1990,6.21
Romania,1990,9.32
Russia,1990,9.46
Rwanda,1990,2.18
Saudi Arabia,1990,5.84
Senegal,1990,2.33
Serbia,1990,7.89
Sierra Leone,1990,2.09
Singapore,1990,6.66
Slovakia,1990,10.69
Slovenia,1990,10.77
South Africa,1990,6.81
South Korea,1990,9.85
Spain,1990,7.02
Sri Lanka,1990,8.51
Sudan,1990,2.15
Swaziland,1990,5.09
Sweden,1990,10.58
Switzerland,1990,10.01
Syria,1990,4.47
Taiwan,1990,8.07
Tajikistan,1990,9.92
Tanzania,1990,4.09
Thailand,1990,4.85
Togo,1990,3.99
Tonga,1990,8.77
Trinidad and Tobago,1990,8.46
Tunisia,1990,4.39
Turkey,1990,5.01
Uganda,1990,3.48
Ukraine,1990,9.53
United Arab Emirates,1990,6.11
United Kingdom,1990,9.1
United States,1990,12.2
Uruguay,1990,7.45
Venezuela,1990,4.97
Vietnam,1990,4.1
Yemen,1990,1.2
Zambia,1990,4.89
Zimbabwe,1990,5.73
Afghanistan,1995,2.26
Albania,1995,8.22
Algeria,1995,5.41
Argentina,1995,8.64
Armenia,1995,10.43
Australia,1995,11.2
Austria,1995,8.81
Bahrain,1995,7.1
Bangladesh,1995,3.68
Barbados,1995,8.88
Belgium,1995,10
Belize,1995,9.4
Benin,1995,2.61
Bolivia,1995,7.83
Botswana,1995,8.24
Brazil,1995,5.58
Brunei,1995,7.98
Bulgaria,1995,8.86
Burundi,1995,2.18
Cambodia,1995,3.27
Cameroon,1995,5
Canada,1995,10.71
Central African Republic,1995,2.99
Chile,1995,8.78
China,1995,6.79
Colombia,1995,6.47
Congo,1995,5.62
Costa Rica,1995,7.42
Cote d'Ivoire,1995,3.3
Croatia,1995,9.08
Cuba,1995,8.8
Cyprus,1995,9.6
Czech Republic,1995,11.99
Democratic Republic of Congo,1995,3.37
Denmark,1995,10.04
Dominican Republic,1995,6.31
Ecuador,1995,7.1
Egypt,1995,5.12
El Salvador,1995,5.42
Estonia,1995,10.38
Fiji,1995,10.11
Finland,1995,8.59
France,1995,8.82
Gabon,1995,6.25
Gambia,1995,2.45
Germany,1995,9.44
Ghana,1995,5.89
Greece,1995,8.73
Guatemala,1995,3.8
Guyana,1995,7.68
Haiti,1995,3.92
Honduras,1995,5.26
Hong Kong,1995,9.41
Hungary,1995,10.41
Iceland,1995,9.23
India,1995,4.12
Indonesia,1995,4.62
Iran,1995,6.35
Iraq,1995,5.09
Ireland,1995,10.39
Israel,1995,11.07
Italy,1995,8.27
Jamaica,1995,8.18
Japan,1995,10.51
Jordan,1995,7.58
Kazakhstan,1995,9.34
Kenya,1995,5.26
Kuwait,1995,6.11
Kyrgyzstan,1995,8.93
Laos,1995,3.92
Latvia,1995,8.99
Lesotho,1995,5.66
Liberia,1995,3.08
Libya,1995,5.89
Lithuania,1995,9.17
Luxembourg,1995,9.22
Macao,1995,6.17
Malawi,1995,3.06
Malaysia,1995,8.39
Maldives,1995,4.11
Mali,1995,1.01
Malta,1995,9.36
Mauritania,1995,3.12
Mauritius,1995,6.83
Mexico,1995,7.2
Moldova,1995,8.89
Mongolia,1995,7.84
Morocco,1995,3.4
Mozambique,1995,0.93
Myanmar,1995,3.22
Namibia,1995,6.05
Nepal,1995,2.65
Netherlands,1995,10.56
New Zealand,1995,11.68
Nicaragua,1995,5.02
Niger,1995,1.23
Norway,1995,10.72
Pakistan,1995,3.36
Panama,1995,8.43
Papua New Guinea,1995,3.31
Paraguay,1995,6.25
Peru,1995,7.88
Philippines,1995,7.56
Poland,1995,9.86
Portugal,1995,6.69
Qatar,1995,6.13
Reunion,1995,6.67
Romania,1995,9.7
Russia,1995,9.94
Rwanda,1995,2.66
Saudi Arabia,1995,6.34
Senegal,1995,2.2
Serbia,1995,8.57
Sierra Leone,1995,2.46
Singapore,1995,7.98
Slovakia,1995,11.24
Slovenia,1995,11.05
South Africa,1995,8.29
South Korea,1995,10.49
Spain,1995,8.11
Sri Lanka,1995,9.35
Sudan,1995,2.52
Swaziland,1995,5
Sweden,1995,11.18
Switzerland,1995,9.83
Syria,1995,4.56
Taiwan,1995,8.77
Tajikistan,1995,10.47
Tanzania,1995,4.38
Thailand,1995,5.5
Togo,1995,4.31
Tonga,1995,9.33
Trinidad and Tobago,1995,9
Tunisia,1995,5.07
Turkey,1995,5.44
Uganda,1995,3.97
Ukraine,1995,10.15
United Arab Emirates,1995,7.51
United Kingdom,1995,9.44
United States,1995,12.59
Uruguay,1995,7.57
Venezuela,1995,5.86
Vietnam,1995,4.85
Yemen,1995,1.67
Zambia,1995,6.01
Zimbabwe,1995,6.7
Afghanistan,2000,2.86
Albania,2000,9.48
Algeria,2000,5.67
Argentina,2000,8.73
Armenia,2000,10.44
Australia,2000,11.07
Austria,2000,8.97
Bahrain,2000,7.48
Bangladesh,2000,4.48
Barbados,2000,8.81
Belgium,2000,10.29
Belize,2000,10.08
Benin,2000,3.11
Bolivia,2000,8.29
Botswana,2000,8.82
Brazil,2000,6.52
Brunei,2000,8.22
Bulgaria,2000,9.28
Burundi,2000,2.56
Cambodia,2000,3.5
Cameroon,2000,5.46
Canada,2000,10.95
Central African Republic,2000,3.29
Chile,2000,9.07
China,2000,7.38
Colombia,2000,6.9
Congo,2000,5.67
Costa Rica,2000,7.7
Cote d'Ivoire,2000,3.87
Croatia,2000,9.71
Cuba,2000,8.91
Cyprus,2000,9.94
Czech Republic,2000,12.69
Democratic Republic of Congo,2000,3.37
Denmark,2000,10.77
Dominican Republic,2000,6.98
Ecuador,2000,7.1
Egypt,2000,6.03
El Salvador,2000,6.59
Estonia,2000,11.41
Fiji,2000,9.76
Finland,2000,9.09
France,2000,9.75
Gabon,2000,7.02
Gambia,2000,2.64
Germany,2000,10.06
Ghana,2000,6.44
Greece,2000,8.89
Guatemala,2000,4.1
Guyana,2000,8.13
Haiti,2000,4.33
Honduras,2000,5.65
Hong Kong,2000,9.31
Hungary,2000,11.2
Iceland,2000,9.67
India,2000,5.03
Indonesia,2000,5.15
Iran,2000,7.31
Iraq,2000,5.9
Ireland,2000,10.66
Israel,2000,11.34
Italy,2000,8.78
Jamaica,2000,9.14
Japan,2000,10.94
Jordan,2000,8.36
Kazakhstan,2000,10.54
Kenya,2000,5.69
Kuwait,2000,6.09
Kyrgyzstan,2000,9.4
Laos,2000,4.25
Latvia,2000,9.34
Lesotho,2000,6.21
Liberia,2000,3.49
Libya,2000,6.79
Lithuania,2000,9.49
Luxembourg,2000,9.55
Macao,2000,6.68
Malawi,2000,3.48
Malaysia,2000,9.09
Maldives,2000,4.26
Mali,2000,1.23
Malta,2000,9.78
Mauritania,2000,3.55
Mauritius,2000,6.7
Mexico,2000,7.66
Moldova,2000,9.21
Mongolia,2000,7.88
Morocco,2000,3.82
Mozambique,2000,1.08
Myanmar,2000,3.69
Namibia,2000,5.72
Nepal,2000,2.97
Netherlands,2000,10.81
New Zealand,2000,11.76
Nicaragua,2000,5.51
Niger,2000,1.38
Norway,2000,11.02
Pakistan,2000,3.87
Panama,2000,8.74
Papua New Guinea,2000,3.48
Paraguay,2000,6.23
Peru,2000,8.85
Philippines,2000,7.87
Poland,2000,10.26
Portugal,2000,7.43
Qatar,2000,6.6
Reunion,2000,7.08
Romania,2000,10.04
Russia,2000,10.9
Rwanda,2000,3.23
Saudi Arabia,2000,7.08
Senegal,2000,1.92
Serbia,2000,9
Sierra Leone,2000,2.78
Singapore,2000,9.15
Slovakia,2000,11.2
Slovenia,2000,11.35
South Africa,2000,7.68
South Korea,2000,11.06
Spain,2000,8.93
Sri Lanka,2000,10.24
Sudan,2000,2.82
Swaziland,2000,4.44
Sweden,2000,11.38
Switzerland,2000,9.78
Syria,2000,4.58
Taiwan,2000,9.58
Tajikistan,2000,10.63
Tanzania,2000,4.73
Thailand,2000,5.65
Togo,2000,4.75
Tonga,2000,9.37
Trinidad and Tobago,2000,9.51
Tunisia,2000,5.9
Turkey,2000,6.1
Uganda,2000,4.33
Ukraine,2000,10.45
United Arab Emirates,2000,8.43
United Kingdom,2000,9.92
United States,2000,12.64
Uruguay,2000,8.07
Venezuela,2000,6.71
Vietnam,2000,5.64
Yemen,2000,2.34
Zambia,2000,6.16
Zimbabwe,2000,7
Afghanistan,2005,3.21
Albania,2005,9.85
Algeria,2005,5.54
Argentina,2005,9.38
Armenia,2005,10.5
Australia,2005,11.38
Austria,2005,9.29
Bahrain,2005,7.19
Bangladesh,2005,5.24
Barbados,2005,9.34
Belgium,2005,10.59
Belize,2005,10.76
Benin,2005,3.72
Bolivia,2005,8.49
Botswana,2005,9.22
Brazil,2005,7.29
Brunei,2005,8.45
Bulgaria,2005,10.45
Burundi,2005,2.88
Cambodia,2005,4.1
Cameroon,2005,5.77
Canada,2005,12.03
Central African Republic,2005,3.55
Chile,2005,9.67
China,2005,7.69
Colombia,2005,7.06
Congo,2005,5.77
Costa Rica,2005,8.12
Cote d'Ivoire,2005,4.26
Croatia,2005,10.58
Cuba,2005,9.51
Cyprus,2005,9.28
Czech Republic,2005,12.73
Democratic Republic of Congo,2005,3.49
Denmark,2005,11.1
Dominican Republic,2005,7.4
Ecuador,2005,7.37
Egypt,2005,6.66
El Salvador,2005,7.34
Estonia,2005,11.77
Fiji,2005,9.38
Finland,2005,9.51
France,2005,10.12
Gabon,2005,7.71
Gambia,2005,3.25
Germany,2005,11.65
Ghana,2005,7.07
Greece,2005,9.9
Guatemala,2005,3.97
Guyana,2005,8.51
Haiti,2005,4.81
Honduras,2005,6.03
Hong Kong,2005,11.18
Hungary,2005,11.66
Iceland,2005,10.42
India,2005,5.63
Indonesia,2005,6.41
Iran,2005,8.06
Iraq,2005,6.31
Ireland,2005,11.54
Israel,2005,11.47
Italy,2005,9.15
Jamaica,2005,9.66
Japan,2005,11.3
Jordan,2005,9.07
Kazakhstan,2005,11.6
Kenya,2005,6.25
Kuwait,2005,6.07
Kyrgyzstan,2005,9.89
Laos,2005,4.62
Latvia,2005,10.26
Lesotho,2005,6.93
Liberia,2005,3.85
Libya,2005,7.42
Lithuania,2005,10.4
Luxembourg,2005,10.26
Macao,2005,7.5
Malawi,2005,4.41
Malaysia,2005,9.71
Maldives,2005,4.69
Mali,2005,1.73
Malta,2005,10.13
Mauritania,2005,4.06
Mauritius,2005,7.84
Mexico,2005,8.45
Moldova,2005,9.57
Mongolia,2005,8.57
Morocco,2005,4.34
Mozambique,2005,1.28
Myanmar,2005,4.23
Namibia,2005,5.97
Nepal,2005,3.55
Netherlands,2005,10.8
New Zealand,2005,11.77
Nicaragua,2005,5.98
Niger,2005,1.57
Norway,2005,11.78
Pakistan,2005,4.93
Panama,2005,9.18
Papua New Guinea,2005,3.99
Paraguay,2005,7.59
Peru,2005,9.55
Philippines,2005,8.18
Poland,2005,10.94
Portugal,2005,7.02
Qatar,2005,7.29
Reunion,2005,7.45
Romania,2005,10.31
Russia,2005,11.2
Rwanda,2005,3.83
Saudi Arabia,2005,7.69
Senegal,2005,1.57
Serbia,2005,10.06
Sierra Leone,2005,3.22
Singapore,2005,8.83
Slovakia,2005,12.22
Slovenia,2005,11.59
South Africa,2005,8.65
South Korea,2005,11.46
Spain,2005,10.12
Sri Lanka,2005,10.31
Sudan,2005,3.15
Swaziland,2005,2.99
Sweden,2005,11.81
Switzerland,2005,10.55
Syria,2005,5.9
Taiwan,2005,10.54
Tajikistan,2005,10.38
Tanzania,2005,5.11
Thailand,2005,7.03
Togo,2005,5.16
Tonga,2005,9.33
Trinidad and Tobago,2005,10.08
Tunisia,2005,6.78
Turkey,2005,6.47
Uganda,2005,4.97
Ukraine,2005,10.97
United Arab Emirates,2005,8.89
United Kingdom,2005,11.1
United States,2005,12.86
Uruguay,2005,7.96
Venezuela,2005,7.51
Vietnam,2005,6.42
Yemen,2005,3
Zambia,2005,6.42
Zimbabwe,2005,7.47